Group A,Group B,Group C,Group D
Adam Scott,Abraham Ancer,Billy Horschel,Kiradech Aphibarnrat
Brooks Koepka,Bernd Wiesberger,Brandt Snedeker,Ryan Armour
Bryson DeChambeau,Francesco Molinari,Bubba Watson,Aaron Baddeley
Dustin Johnson,Gary Woodland,Byeong-Hun An,Aaron Wise
Jon Rahm,Hideki Matsuyama,Cameron Smith,Adam Hadwin
Justin Rose,Jason Day,Charley Hoffman,Adam Long
Justin Thomas,Kevin Na,Chez Reavie,Adam Schenk
Matt Kuchar,Louis Oosthuizen,Christiaan Bezuidenhout,Andrew Landry
Patrick Cantlay,Marc Leishman,Danny Willett,Andrew Putnam
Patrick Reed,Matthew Fitzpatrick,,Branden Grace
Rory McIlroy,Paul Casey,Graeme McDowell,Brendon Todd
Tommy Fleetwood,Phil Mickelson,Henrik Stenson,Brian Gay
Tony Finau,Rickie Fowler,Jason Dufner,Brian Harman
Webb Simpson,Shane Lowry,Jazz Janewattananond,Brian Stuard
Xander Schauffele,Sungjae Im,Jim Furyk,Brice Garnett
,Erik van Rooyen,Kevin Kisner,Bronson Burgoon
,,Lucas Glover,Bud Cauley
,,Matt Wallace,C.T. Pan
,,Rafael Cabrera Bello,Cameron Champ
,,Sergio Garcia,Cameron Tringale
,,Tyrrell Hatton,Carlos Ortiz
,,Victor Perez,Charles Howell III
,,Zach Johnson,Chesson Hadley
,,,Chris Stroud
,,,Collin Morikawa
,,,Corey Conners
,,,Daniel Berger
,,,Danny Lee
,,,Denny McCarthy
,,,Dylan Frittelli
,,,Emiliano Grillo
,,,Harold Varner III
,,,Harris English
,,,Ian Poulter
,,,J.B. Holmes
,,,J.J. Spaun
,,,J.T. Poston
,,,Jason Kokrak
,,,Jhonattan Vegas
,,,Jim Herman
,,,Jimmy Walker
,,,Joaquin Niemann
,,,Joel Dahmen
,,,Jordan Spieth
,,,Keegan Bradley
,,,Keith Mitchell
,,,Kevin Streelman
,,,Kevin Tway
,,,Kyle Stanley
,,,Kyoung-Hoon Lee
,,,Lanto Griffin
,,,Luke List
,,,Mackenzie Hughes
,,,Mark Hubbard
,,,Martin Laird
,,,Matt Every
,,,Matt Jones
,,,Matthew Wolff
,,,Max Homa
,,,Michael Thompson
,,,Nate Lashley
,,,Nick Taylor
,,,Nick Watney
,,,Pat Perez
,,,Patrick Rodgers
,,,Patton Kizzire
,,,Peter Malnati
,,,Retief Goosen
,,,Roger Sloan
,,,Rory Sabbatini
,,,Russell Henley
,,,Russell Knox
,,,Ryan Moore
,,,Ryan Palmer
,,,Sam Burns
,,,Sam Ryder
,,,Scott Brown
,,,Scott Piercy
,,,Scott Stallings
,,,Scottie Scheffler
,,,Sebastian Munoz
,,,Sepp Straka
,,,Si Woo Kim
,,,Sung Kang
,,,Talor Gooch
,,,Tom Hoge
,,,Troy Merritt
,,,Tyler Duncan
,,,Vaughn Taylor
,,,Viktor Hovland
,,,Wyndham Clark